{"cameraMode":{"drawMode":0,"name":"Shaded","section":"Shading Mode"},"sceneLighting":true,"audioPlay":false,"sceneViewState":{"showFog":true,"showMaterialUpdate":false,"showSkybox":true,"showFlares":true,"showImageEffects":true,"showParticleSystems":true},"in2DMode":false,"pivot":{"x":112.50992584228516,"y":392.611328125,"z":305.85174560546877},"rotation":{"x":0.3446664810180664,"y":-0.008448661305010319,"z":0.003101467154920101,"w":0.9386820793151856},"size":737.30322265625,"orthographic":true}